{
    "MSE": 0.8394097385854281,
    "R2_Score": 0.16132528230897591
}